GeneIDs,Seq
HOMER2,">NM_004272.5 Homo sapiens homer scaffold protein 1 (HOMER1), transcript variant 1, mRNA
ACTCTGCCGCCGCGCTAGCTTCACGCCGGCGGCGCTGACCGGGAAAGCAGCACCCTCTTCTCTGCCAGCC
GGCCGGCCGGCGGAGGCGGAGGCAGCGGCAGGCTTCAGGCCGCCGGGGCTGGCGCTGCTCTGCCCGGCGG
TAGCCGGAGGCGGGCGCTGATGGAAGTGTGAAGAGGCGGCGGCGGGGCCCGGGGAATGTGAGGCGGCGCG
TGGCGGCGGCGCGGAGCGTGAGAGACGAGGAGTAGGGGTGGGGGCGCTGGAGCGGCGGCTGCGCTTCGGC
TTCGAGCCCAGCTCTCCTGGCCCCAACGCGGGCTTAGCCTCCCGCCTTGGCTCGGGCAGGCGCCCGTCGA
CCCTTCGGCCCCTTTCGCCCGCCCTGGAGCTGGGGGCAGGGTGCCAGTGGAAGCGTGGGGCTTGGCTCTG
TGATTCATTCATTCTCCGCCGACGGGAGCCTCAGACCCGCTGTGCTCTGAAGAGAGGAGGGAAGAGGGGG
CAGCCGCGAATGAAGGGCCGGGCACCAGCCGGGCTCCATTGTGCTCGGCGGCGGGGGGCGGGAAGGGGCT
GAGGGAGGTGGGATCGGGTCCCCTCCTCCAGCTCTCCGGCGTGCGCTGCGCCCCCAGCCTGCTGCCAGCC
TGGAAATGGCTCCGTTTATTCTCTTCGGGAGAATGAATCGATCCTGCCTAGCCTTCTCTTCGTCCTCCCC
ACCTCTTCTCTGCTCCGAGTCTTAGGAGGAGAAACATTTAAAAAGACAGATTCCAATGTGGAGTGCCGTG
CAGGTTGCGAGCTGCCGGGTTTGCACTTCGAGGAGATTTTCCTGTGTAGTTTTTTTCCTAATGTGAGCGC
AGGGAAGCCGTGGCATTACTGCTTTTGGGATTTTTATTCACGTGCACGTCGCGTTTGGTTGCTCGCTCCA
CCCCCGGAGACCTGGTGTGGTGGAGAAATTTGAACCCGCAGCCTTAGCTCCGAAAAGGCCGAGTTACCTG
GCTCTCCCTGAGTGTCGAGGAGGACATGAGTGAAATGACCAGCGAACTCATTTTTTATAGGACTCGGTGA
AGCCGGATTCTGCATTTCCCTACTTGTAGACTCATTTTGTGGAATAGAGTTGATCGCTGTCTCCTCCGCA
AAGCATTTTAACTCGAATAAGCAAATGCCGCCTCTGTTTGAACGTTTTGGTATTTACAAGAGAGAAATCA
TTTTACCTAAGAGAACTAATTGAATTGGCAGCATCCTTGAAATACCTCCGGACAAGGATCTGGGGGTGGG
GGTGGAAAAGCAACTGCGAAATAGCAGACGGAGAAATTCCTTTGGAAGTTATTCCGTAGCATAAGAGCTG
AAACTTCAGAGCAAGTTTTCATTGGGCAAAATGGGGGAACAACCTATCTTCAGCACTCGAGCTCATGTCT
TCCAAATTGACCCAAACACAAAGAAGAACTGGGTACCCACCAGCAAGCATGCAGTTACTGTGTCTTATTT
CTATGACAGCACAAGAAATGTGTATAGGATAATCAGTTTAGATGGCTCAAAGGCAATAATAAATAGTACC
ATCACCCCAAACATGACATTTACTAAAACATCTCAGAAGTTTGGCCAGTGGGCTGATAGCCGGGCAAACA
CCGTTTATGGATTGGGATTCTCCTCTGAGCATCATCTTTCGAAATTTGCAGAAAAGTTTCAGGAATTTAA
AGAAGCTGCTCGACTAGCAAAGGAAAAATCACAAGAGAAGATGGAACTTACCAGTACACCTTCACAGGAA
TCCGCAGGCGGGGATCTTCAGTCTCCTTTAACACCGGAAAGTATCAACGGGACAGATGATGAAAGAACAC
CTGATGTGACACAGAACTCAGAGCCAAGGGCTGAACCAACTCAGAATGCATTGCCATTTTCACATAGTTC
AGCAATCAGCAAACATTGGGAGGCTGAACTGGCTACCCTCAAAGGAAATAATGCCAAACTCACTGCAGCC
CTGCTGGAGTCCACTGCCAATGTGAAACAATGGAAACAGCAACTTGCTGCCTATCAAGAGGAAGCAGAAC
GTCTGCACAAGCGGGTGACTGAACTTGAATGTGTTAGTAGCCAAGCAAATGCAGTACATACTCATAAGAC
AGAATTAAATCAGACAATACAAGAACTGGAAGAGACACTGAAACTGAAGGAAGAGGAAATAGAAAGGTTA
AAACAAGAAATTGATAATGCCAGAGAACTACAAGAACAGAGGGATTCTTTGACTCAGAAACTACAGGAAG
TAGAAATTCGGAACAAAGACCTGGAGGGACAACTGTCTGACTTAGAGCAACGTCTGGAGAAAAGTCAGAA
TGAACAAGAAGCTTTTCGCAATAACCTGAAGACACTCTTAGAAATTCTGGATGGAAAGATATTTGAACTA
ACAGAATTACGAGATAACTTGGCCAAGCTACTAGAATGCAGCTAAGGAAAGTGAAATTTCAGTGCCAATT
AATTAAAAGATACACTGTCTCTCTTCATAGGACTGTTTAGGCTCTGCATCAAGATTGCACAAAAAAAAAA
AAAAAAAAATTGAATATCACTCCTCCAGGAGGAGGATCTTTTGAAATTGGAATTGTATATTTCACTGTAA
ATTTTAGAATCCAGCTTGTAGCTAGTTGGGGAAAAAAGATGAAAAACTTGAACTACAAATTACCTCCATG
TATATTATTGGCCATAGTTAACTAGAAAGTTATAAATAGACACTTAATGCAATCTTTTTTCCTGATATTA
GCCAATGGGAGAATTAACAATGTCTAGGTCACATCCCCTTTTTGTGTTCAACACAGTGAAGATTATCTGC
TTTTTAAATTAATTTATTTACGATATCTAGAGCTGTGTTTTGTGCAAAAACTTAGTGATGAAAGCCTGTC
TTTTGTTGTAATCTGAATAATTTCTCAGGATATTTTTGCACTGCTGAGAAGCAGTGCCATTACCAATTAA
TTCTTGCCAGGAGTGAGAGAGAGCTGTATCTTTAATTGAAATATACTATAACTGGGTGTATAGAGTTCTT
CCCTTTTTTGTGCTGGAAGATATTTCACTCTGGTGACTACTCTGGTACACTCTGGTGTTCTCTAATCTTG
TCTGTTGTATAGTTTACTTTTCCATATTGATTCCATGTATTTATGAGAAGATATTGTCTCCCATTTTATT
ACACATTTTAAAGCCAACTAACGAAGGCAGCTGAGTCCCTCAGAAATTTTTCTTTTTAAGTTTCTAATAA
ATTTGACACACAGTACTGAAATACAGCAGCCCGTCATTGACAGGCTGGTCTAGCAATGTTAAGTATATTT
ACAGAATATGCAGTTACATTTATTTATATATTTTGCAAGAAATCTTTTCTGAATGATCAATGCATTTCAA
TTTACGAATAATAATGGTTATTGGGGAACTGTTTATTATAGATAATTTTAAGGTGTATAGCTATTTTAAA
GGGGGTCCATTTACATCAAACAGCTGATCAGAGGACTCTATCTAAATTGTGATCGTGGCAGATAGAGATG
GAGTCATGTACTCTATCTGGCTCTACACATCAATCACATCTTGATTCAAACCTCACAAGGCAATATTCTG
AATTGTTAACTAGGTATTTCAAAACAGGAATTAAATTCAATAGGCTCTTCTCAGTGAACAGGTTTTAATG
TTGTTTTGATGTAATTTTAAAAGACTTTTAGCAAACATGCATTTCTTTATATGATATATTTCTTTTACGA
AGCTATTTTAAAAGTAAGCCAAGTGCTGTCTAGTCTGCTTATAAAGTAGGAATTGCATCAGAGTACATAT
ATTCTTGCTGTACAATGCCTGTGATGTTGAGGAGGGTTCTTTTTTAAAGTGTATGCTTGAGTAACTGACT
CTATGGAGTCTATAAATGCACTGACTTCTTGTTTGTACCCCAAAATGATCGAATTGTTAAGTACAAAATT
AAGCTAATTAACCAATTTGTAACCATTTTTTCACTCATAAACAGCTACTCAATACTAGACAATTTTGTTT
TTTATGTATGTGTATGTACGTAAATACATACATATTAATTTACATTAGAGTGAAAAATAAATGGTTTGTT
TCTGAAGTTAGTTTCTTAAGTGAGTTTTCAGGTGTCTCTGAAAAATTTATAACAATCATGTATTATATGT
GCTGTAACATCATGTACGTTACCTCCATCTATTTTAGGATATTTTCCTCACCTATATATTATAGGGAGAA
TAATTTAGATACACATGCTCAGAGCTGAGATATTTCTCTGATAAATCAGGTAACAAAATGTATTTGATTG
ATGGAATTTTGAAGTAAATGTGTTTTTATCCATCAGTTTCTGAGTAACAAAGAGCACCAAGTTTTAATTT
AAATAGGAGATTTAACACTAGGGATCAGGGAGTTTAGTATGAAGAGTTAAAAAAATTTAAAAAACAGTGT
AAGCTGTTGAAATGGCAAGTGAATTATTTTAATGATGTAATAAAATATTTTTAAATTTTGACATAGTGAT
CATTTAATGAAAAAACTCACCAAAATGTCTCCATTTGAATTGTATTGATAATGTGGGACATATGTGTGAT
TCAATATATACATATACCCATATGTATATACAGAAAATTATTTTTAATACTTTCCTACTGATAATGAAAT
TTAAAATTGGAAATTTTGTGAGTGTTTTTCTTGTCCAATAGAGCCTAATTGTTTCCTTTTTTAGTGATTT
AACAATCTCTTGAGGGCTGCACCTTTAAATTCCCAGATTGTCAATAGACATGTACAGTATATGGGATAAG
GTGGACACAAGTGCACATATAAATAAAATCTTCTTAAGACTTTTAACTATTCATTTACAGTAGGAGAGTA
TGTAGAAATCATCATCCACAAGTCATAATTAGGTTGTGTGCCTACTGTAGTTTTTTCCATTTCTGTATTA
TATAAACATTTGCATATTAAAATTTGATTTTTCCCAGAGACAAGTATTATATACTGTATCTATATTTAAA
TCAAACTGTGGTAATATATTTCTCAGAAAATAATGTTGGGGACTATAGCCTGAACATGTGGACTTGAAGC
GACATGGAGGAGGAGGTTGATCCCATTGTGTATAAGTTAATATGTGATAACTATTGAATCTTGTACAAAA
ACAAAAATTGAAAAAAAAAAAGAAAAGCAAAAATACAGTTTTTATTTTGAAATACATTTGTTCTCTGGAG
AATGTACTTTATCTTTTTTTCCTCCAGTCTTTTACAGATATTTAAAAGCATTTAAATGATGACAGCATTT
ACTTAAATCTTTCAGGTGCTACTGGATTTTGCATTAGTGTGTTATGTTGTGAAATCCTAACTTTGACATA
AAAGGTTTTATAAGTATTCCCCTGCCTGGAAAATTAGTTTTTGTTCTCCTCTCTCTCTCTTTCTCTTTTC
CACTTTCTTTCTGCAGACTAAAACATGCTCACGAAGTTGCATCTCTCCTTGTCTCTATAGAAGATCTCCA
GCACCATCATAGATTTGATGTTCTGCTGTCATTGAACTGTTGGGAAGCAGTTAGAGGAAAAGCTCACTTT
TTTTTTCAGGTGGAAATAAAAGGAACACTCAAAATTAAGCCAACACCACCACTACCTTTAAAAACTAGTT
TATTTGCCCTGTTAAAATTAAATGTATTCTTTAACATGTGGGCTACAGTCTCCCATGTTTTTATTTAACT
GAAGCATATACACTTCGGTCATTTATCTCCTTGTGGTCCTGATTTTGTCAGTACTGGAATGGGAGGCAGG
TCGGGGAAAGTTTGTTTGATGGCAGTGGATTCTTATTGTTGTTTTAACCATTGCATTT

"
HOMER2P1,">NM_004272.5 Homo sapiens homer scaffold protein 1 (HOMER1), transcript variant 1, mRNA
ACTCTGCCGCCGCGCTAGCTTCACGCCGGCGGCGCTGACCGGGAAAGCAGCACCCTCTTCTCTGCCAGCC
GGCCGGCCGGCGGAGGCGGAGGCAGCGGCAGGCTTCAGGCCGCCGGGGCTGGCGCTGCTCTGCCCGGCGG
TAGCCGGAGGCGGGCGCTGATGGAAGTGTGAAGAGGCGGCGGCGGGGCCCGGGGAATGTGAGGCGGCGCG
TGGCGGCGGCGCGGAGCGTGAGAGACGAGGAGTAGGGGTGGGGGCGCTGGAGCGGCGGCTGCGCTTCGGC
TTCGAGCCCAGCTCTCCTGGCCCCAACGCGGGCTTAGCCTCCCGCCTTGGCTCGGGCAGGCGCCCGTCGA
CCCTTCGGCCCCTTTCGCCCGCCCTGGAGCTGGGGGCAGGGTGCCAGTGGAAGCGTGGGGCTTGGCTCTG
TGATTCATTCATTCTCCGCCGACGGGAGCCTCAGACCCGCTGTGCTCTGAAGAGAGGAGGGAAGAGGGGG
CAGCCGCGAATGAAGGGCCGGGCACCAGCCGGGCTCCATTGTGCTCGGCGGCGGGGGGCGGGAAGGGGCT
GAGGGAGGTGGGATCGGGTCCCCTCCTCCAGCTCTCCGGCGTGCGCTGCGCCCCCAGCCTGCTGCCAGCC
TGGAAATGGCTCCGTTTATTCTCTTCGGGAGAATGAATCGATCCTGCCTAGCCTTCTCTTCGTCCTCCCC
ACCTCTTCTCTGCTCCGAGTCTTAGGAGGAGAAACATTTAAAAAGACAGATTCCAATGTGGAGTGCCGTG
CAGGTTGCGAGCTGCCGGGTTTGCACTTCGAGGAGATTTTCCTGTGTAGTTTTTTTCCTAATGTGAGCGC
AGGGAAGCCGTGGCATTACTGCTTTTGGGATTTTTATTCACGTGCACGTCGCGTTTGGTTGCTCGCTCCA
CCCCCGGAGACCTGGTGTGGTGGAGAAATTTGAACCCGCAGCCTTAGCTCCGAAAAGGCCGAGTTACCTG
GCTCTCCCTGAGTGTCGAGGAGGACATGAGTGAAATGACCAGCGAACTCATTTTTTATAGGACTCGGTGA
AGCCGGATTCTGCATTTCCCTACTTGTAGACTCATTTTGTGGAATAGAGTTGATCGCTGTCTCCTCCGCA
AAGCATTTTAACTCGAATAAGCAAATGCCGCCTCTGTTTGAACGTTTTGGTATTTACAAGAGAGAAATCA
TTTTACCTAAGAGAACTAATTGAATTGGCAGCATCCTTGAAATACCTCCGGACAAGGATCTGGGGGTGGG
GGTGGAAAAGCAACTGCGAAATAGCAGACGGAGAAATTCCTTTGGAAGTTATTCCGTAGCATAAGAGCTG
AAACTTCAGAGCAAGTTTTCATTGGGCAAAATGGGGGAACAACCTATCTTCAGCACTCGAGCTCATGTCT
TCCAAATTGACCCAAACACAAAGAAGAACTGGGTACCCACCAGCAAGCATGCAGTTACTGTGTCTTATTT
CTATGACAGCACAAGAAATGTGTATAGGATAATCAGTTTAGATGGCTCAAAGGCAATAATAAATAGTACC
ATCACCCCAAACATGACATTTACTAAAACATCTCAGAAGTTTGGCCAGTGGGCTGATAGCCGGGCAAACA
CCGTTTATGGATTGGGATTCTCCTCTGAGCATCATCTTTCGAAATTTGCAGAAAAGTTTCAGGAATTTAA
AGAAGCTGCTCGACTAGCAAAGGAAAAATCACAAGAGAAGATGGAACTTACCAGTACACCTTCACAGGAA
TCCGCAGGCGGGGATCTTCAGTCTCCTTTAACACCGGAAAGTATCAACGGGACAGATGATGAAAGAACAC
CTGATGTGACACAGAACTCAGAGCCAAGGGCTGAACCAACTCAGAATGCATTGCCATTTTCACATAGTTC
AGCAATCAGCAAACATTGGGAGGCTGAACTGGCTACCCTCAAAGGAAATAATGCCAAACTCACTGCAGCC
CTGCTGGAGTCCACTGCCAATGTGAAACAATGGAAACAGCAACTTGCTGCCTATCAAGAGGAAGCAGAAC
GTCTGCACAAGCGGGTGACTGAACTTGAATGTGTTAGTAGCCAAGCAAATGCAGTACATACTCATAAGAC
AGAATTAAATCAGACAATACAAGAACTGGAAGAGACACTGAAACTGAAGGAAGAGGAAATAGAAAGGTTA
AAACAAGAAATTGATAATGCCAGAGAACTACAAGAACAGAGGGATTCTTTGACTCAGAAACTACAGGAAG
TAGAAATTCGGAACAAAGACCTGGAGGGACAACTGTCTGACTTAGAGCAACGTCTGGAGAAAAGTCAGAA
TGAACAAGAAGCTTTTCGCAATAACCTGAAGACACTCTTAGAAATTCTGGATGGAAAGATATTTGAACTA
ACAGAATTACGAGATAACTTGGCCAAGCTACTAGAATGCAGCTAAGGAAAGTGAAATTTCAGTGCCAATT
AATTAAAAGATACACTGTCTCTCTTCATAGGACTGTTTAGGCTCTGCATCAAGATTGCACAAAAAAAAAA
AAAAAAAAATTGAATATCACTCCTCCAGGAGGAGGATCTTTTGAAATTGGAATTGTATATTTCACTGTAA
ATTTTAGAATCCAGCTTGTAGCTAGTTGGGGAAAAAAGATGAAAAACTTGAACTACAAATTACCTCCATG
TATATTATTGGCCATAGTTAACTAGAAAGTTATAAATAGACACTTAATGCAATCTTTTTTCCTGATATTA
GCCAATGGGAGAATTAACAATGTCTAGGTCACATCCCCTTTTTGTGTTCAACACAGTGAAGATTATCTGC
TTTTTAAATTAATTTATTTACGATATCTAGAGCTGTGTTTTGTGCAAAAACTTAGTGATGAAAGCCTGTC
TTTTGTTGTAATCTGAATAATTTCTCAGGATATTTTTGCACTGCTGAGAAGCAGTGCCATTACCAATTAA
TTCTTGCCAGGAGTGAGAGAGAGCTGTATCTTTAATTGAAATATACTATAACTGGGTGTATAGAGTTCTT
CCCTTTTTTGTGCTGGAAGATATTTCACTCTGGTGACTACTCTGGTACACTCTGGTGTTCTCTAATCTTG
TCTGTTGTATAGTTTACTTTTCCATATTGATTCCATGTATTTATGAGAAGATATTGTCTCCCATTTTATT
ACACATTTTAAAGCCAACTAACGAAGGCAGCTGAGTCCCTCAGAAATTTTTCTTTTTAAGTTTCTAATAA
ATTTGACACACAGTACTGAAATACAGCAGCCCGTCATTGACAGGCTGGTCTAGCAATGTTAAGTATATTT
ACAGAATATGCAGTTACATTTATTTATATATTTTGCAAGAAATCTTTTCTGAATGATCAATGCATTTCAA
TTTACGAATAATAATGGTTATTGGGGAACTGTTTATTATAGATAATTTTAAGGTGTATAGCTATTTTAAA
GGGGGTCCATTTACATCAAACAGCTGATCAGAGGACTCTATCTAAATTGTGATCGTGGCAGATAGAGATG
GAGTCATGTACTCTATCTGGCTCTACACATCAATCACATCTTGATTCAAACCTCACAAGGCAATATTCTG
AATTGTTAACTAGGTATTTCAAAACAGGAATTAAATTCAATAGGCTCTTCTCAGTGAACAGGTTTTAATG
TTGTTTTGATGTAATTTTAAAAGACTTTTAGCAAACATGCATTTCTTTATATGATATATTTCTTTTACGA
AGCTATTTTAAAAGTAAGCCAAGTGCTGTCTAGTCTGCTTATAAAGTAGGAATTGCATCAGAGTACATAT
ATTCTTGCTGTACAATGCCTGTGATGTTGAGGAGGGTTCTTTTTTAAAGTGTATGCTTGAGTAACTGACT
CTATGGAGTCTATAAATGCACTGACTTCTTGTTTGTACCCCAAAATGATCGAATTGTTAAGTACAAAATT
AAGCTAATTAACCAATTTGTAACCATTTTTTCACTCATAAACAGCTACTCAATACTAGACAATTTTGTTT
TTTATGTATGTGTATGTACGTAAATACATACATATTAATTTACATTAGAGTGAAAAATAAATGGTTTGTT
TCTGAAGTTAGTTTCTTAAGTGAGTTTTCAGGTGTCTCTGAAAAATTTATAACAATCATGTATTATATGT
GCTGTAACATCATGTACGTTACCTCCATCTATTTTAGGATATTTTCCTCACCTATATATTATAGGGAGAA
TAATTTAGATACACATGCTCAGAGCTGAGATATTTCTCTGATAAATCAGGTAACAAAATGTATTTGATTG
ATGGAATTTTGAAGTAAATGTGTTTTTATCCATCAGTTTCTGAGTAACAAAGAGCACCAAGTTTTAATTT
AAATAGGAGATTTAACACTAGGGATCAGGGAGTTTAGTATGAAGAGTTAAAAAAATTTAAAAAACAGTGT
AAGCTGTTGAAATGGCAAGTGAATTATTTTAATGATGTAATAAAATATTTTTAAATTTTGACATAGTGAT
CATTTAATGAAAAAACTCACCAAAATGTCTCCATTTGAATTGTATTGATAATGTGGGACATATGTGTGAT
TCAATATATACATATACCCATATGTATATACAGAAAATTATTTTTAATACTTTCCTACTGATAATGAAAT
TTAAAATTGGAAATTTTGTGAGTGTTTTTCTTGTCCAATAGAGCCTAATTGTTTCCTTTTTTAGTGATTT
AACAATCTCTTGAGGGCTGCACCTTTAAATTCCCAGATTGTCAATAGACATGTACAGTATATGGGATAAG
GTGGACACAAGTGCACATATAAATAAAATCTTCTTAAGACTTTTAACTATTCATTTACAGTAGGAGAGTA
TGTAGAAATCATCATCCACAAGTCATAATTAGGTTGTGTGCCTACTGTAGTTTTTTCCATTTCTGTATTA
TATAAACATTTGCATATTAAAATTTGATTTTTCCCAGAGACAAGTATTATATACTGTATCTATATTTAAA
TCAAACTGTGGTAATATATTTCTCAGAAAATAATGTTGGGGACTATAGCCTGAACATGTGGACTTGAAGC
GACATGGAGGAGGAGGTTGATCCCATTGTGTATAAGTTAATATGTGATAACTATTGAATCTTGTACAAAA
ACAAAAATTGAAAAAAAAAAAGAAAAGCAAAAATACAGTTTTTATTTTGAAATACATTTGTTCTCTGGAG
AATGTACTTTATCTTTTTTTCCTCCAGTCTTTTACAGATATTTAAAAGCATTTAAATGATGACAGCATTT
ACTTAAATCTTTCAGGTGCTACTGGATTTTGCATTAGTGTGTTATGTTGTGAAATCCTAACTTTGACATA
AAAGGTTTTATAAGTATTCCCCTGCCTGGAAAATTAGTTTTTGTTCTCCTCTCTCTCTCTTTCTCTTTTC
CACTTTCTTTCTGCAGACTAAAACATGCTCACGAAGTTGCATCTCTCCTTGTCTCTATAGAAGATCTCCA
GCACCATCATAGATTTGATGTTCTGCTGTCATTGAACTGTTGGGAAGCAGTTAGAGGAAAAGCTCACTTT
TTTTTTCAGGTGGAAATAAAAGGAACACTCAAAATTAAGCCAACACCACCACTACCTTTAAAAACTAGTT
TATTTGCCCTGTTAAAATTAAATGTATTCTTTAACATGTGGGCTACAGTCTCCCATGTTTTTATTTAACT
GAAGCATATACACTTCGGTCATTTATCTCCTTGTGGTCCTGATTTTGTCAGTACTGGAATGGGAGGCAGG
TCGGGGAAAGTTTGTTTGATGGCAGTGGATTCTTATTGTTGTTTTAACCATTGCATTT

"
HOMER2P2,">NM_004272.5 Homo sapiens homer scaffold protein 1 (HOMER1), transcript variant 1, mRNA
ACTCTGCCGCCGCGCTAGCTTCACGCCGGCGGCGCTGACCGGGAAAGCAGCACCCTCTTCTCTGCCAGCC
GGCCGGCCGGCGGAGGCGGAGGCAGCGGCAGGCTTCAGGCCGCCGGGGCTGGCGCTGCTCTGCCCGGCGG
TAGCCGGAGGCGGGCGCTGATGGAAGTGTGAAGAGGCGGCGGCGGGGCCCGGGGAATGTGAGGCGGCGCG
TGGCGGCGGCGCGGAGCGTGAGAGACGAGGAGTAGGGGTGGGGGCGCTGGAGCGGCGGCTGCGCTTCGGC
TTCGAGCCCAGCTCTCCTGGCCCCAACGCGGGCTTAGCCTCCCGCCTTGGCTCGGGCAGGCGCCCGTCGA
CCCTTCGGCCCCTTTCGCCCGCCCTGGAGCTGGGGGCAGGGTGCCAGTGGAAGCGTGGGGCTTGGCTCTG
TGATTCATTCATTCTCCGCCGACGGGAGCCTCAGACCCGCTGTGCTCTGAAGAGAGGAGGGAAGAGGGGG
CAGCCGCGAATGAAGGGCCGGGCACCAGCCGGGCTCCATTGTGCTCGGCGGCGGGGGGCGGGAAGGGGCT
GAGGGAGGTGGGATCGGGTCCCCTCCTCCAGCTCTCCGGCGTGCGCTGCGCCCCCAGCCTGCTGCCAGCC
TGGAAATGGCTCCGTTTATTCTCTTCGGGAGAATGAATCGATCCTGCCTAGCCTTCTCTTCGTCCTCCCC
ACCTCTTCTCTGCTCCGAGTCTTAGGAGGAGAAACATTTAAAAAGACAGATTCCAATGTGGAGTGCCGTG
CAGGTTGCGAGCTGCCGGGTTTGCACTTCGAGGAGATTTTCCTGTGTAGTTTTTTTCCTAATGTGAGCGC
AGGGAAGCCGTGGCATTACTGCTTTTGGGATTTTTATTCACGTGCACGTCGCGTTTGGTTGCTCGCTCCA
CCCCCGGAGACCTGGTGTGGTGGAGAAATTTGAACCCGCAGCCTTAGCTCCGAAAAGGCCGAGTTACCTG
GCTCTCCCTGAGTGTCGAGGAGGACATGAGTGAAATGACCAGCGAACTCATTTTTTATAGGACTCGGTGA
AGCCGGATTCTGCATTTCCCTACTTGTAGACTCATTTTGTGGAATAGAGTTGATCGCTGTCTCCTCCGCA
AAGCATTTTAACTCGAATAAGCAAATGCCGCCTCTGTTTGAACGTTTTGGTATTTACAAGAGAGAAATCA
TTTTACCTAAGAGAACTAATTGAATTGGCAGCATCCTTGAAATACCTCCGGACAAGGATCTGGGGGTGGG
GGTGGAAAAGCAACTGCGAAATAGCAGACGGAGAAATTCCTTTGGAAGTTATTCCGTAGCATAAGAGCTG
AAACTTCAGAGCAAGTTTTCATTGGGCAAAATGGGGGAACAACCTATCTTCAGCACTCGAGCTCATGTCT
TCCAAATTGACCCAAACACAAAGAAGAACTGGGTACCCACCAGCAAGCATGCAGTTACTGTGTCTTATTT
CTATGACAGCACAAGAAATGTGTATAGGATAATCAGTTTAGATGGCTCAAAGGCAATAATAAATAGTACC
ATCACCCCAAACATGACATTTACTAAAACATCTCAGAAGTTTGGCCAGTGGGCTGATAGCCGGGCAAACA
CCGTTTATGGATTGGGATTCTCCTCTGAGCATCATCTTTCGAAATTTGCAGAAAAGTTTCAGGAATTTAA
AGAAGCTGCTCGACTAGCAAAGGAAAAATCACAAGAGAAGATGGAACTTACCAGTACACCTTCACAGGAA
TCCGCAGGCGGGGATCTTCAGTCTCCTTTAACACCGGAAAGTATCAACGGGACAGATGATGAAAGAACAC
CTGATGTGACACAGAACTCAGAGCCAAGGGCTGAACCAACTCAGAATGCATTGCCATTTTCACATAGTTC
AGCAATCAGCAAACATTGGGAGGCTGAACTGGCTACCCTCAAAGGAAATAATGCCAAACTCACTGCAGCC
CTGCTGGAGTCCACTGCCAATGTGAAACAATGGAAACAGCAACTTGCTGCCTATCAAGAGGAAGCAGAAC
GTCTGCACAAGCGGGTGACTGAACTTGAATGTGTTAGTAGCCAAGCAAATGCAGTACATACTCATAAGAC
AGAATTAAATCAGACAATACAAGAACTGGAAGAGACACTGAAACTGAAGGAAGAGGAAATAGAAAGGTTA
AAACAAGAAATTGATAATGCCAGAGAACTACAAGAACAGAGGGATTCTTTGACTCAGAAACTACAGGAAG
TAGAAATTCGGAACAAAGACCTGGAGGGACAACTGTCTGACTTAGAGCAACGTCTGGAGAAAAGTCAGAA
TGAACAAGAAGCTTTTCGCAATAACCTGAAGACACTCTTAGAAATTCTGGATGGAAAGATATTTGAACTA
ACAGAATTACGAGATAACTTGGCCAAGCTACTAGAATGCAGCTAAGGAAAGTGAAATTTCAGTGCCAATT
AATTAAAAGATACACTGTCTCTCTTCATAGGACTGTTTAGGCTCTGCATCAAGATTGCACAAAAAAAAAA
AAAAAAAAATTGAATATCACTCCTCCAGGAGGAGGATCTTTTGAAATTGGAATTGTATATTTCACTGTAA
ATTTTAGAATCCAGCTTGTAGCTAGTTGGGGAAAAAAGATGAAAAACTTGAACTACAAATTACCTCCATG
TATATTATTGGCCATAGTTAACTAGAAAGTTATAAATAGACACTTAATGCAATCTTTTTTCCTGATATTA
GCCAATGGGAGAATTAACAATGTCTAGGTCACATCCCCTTTTTGTGTTCAACACAGTGAAGATTATCTGC
TTTTTAAATTAATTTATTTACGATATCTAGAGCTGTGTTTTGTGCAAAAACTTAGTGATGAAAGCCTGTC
TTTTGTTGTAATCTGAATAATTTCTCAGGATATTTTTGCACTGCTGAGAAGCAGTGCCATTACCAATTAA
TTCTTGCCAGGAGTGAGAGAGAGCTGTATCTTTAATTGAAATATACTATAACTGGGTGTATAGAGTTCTT
CCCTTTTTTGTGCTGGAAGATATTTCACTCTGGTGACTACTCTGGTACACTCTGGTGTTCTCTAATCTTG
TCTGTTGTATAGTTTACTTTTCCATATTGATTCCATGTATTTATGAGAAGATATTGTCTCCCATTTTATT
ACACATTTTAAAGCCAACTAACGAAGGCAGCTGAGTCCCTCAGAAATTTTTCTTTTTAAGTTTCTAATAA
ATTTGACACACAGTACTGAAATACAGCAGCCCGTCATTGACAGGCTGGTCTAGCAATGTTAAGTATATTT
ACAGAATATGCAGTTACATTTATTTATATATTTTGCAAGAAATCTTTTCTGAATGATCAATGCATTTCAA
TTTACGAATAATAATGGTTATTGGGGAACTGTTTATTATAGATAATTTTAAGGTGTATAGCTATTTTAAA
GGGGGTCCATTTACATCAAACAGCTGATCAGAGGACTCTATCTAAATTGTGATCGTGGCAGATAGAGATG
GAGTCATGTACTCTATCTGGCTCTACACATCAATCACATCTTGATTCAAACCTCACAAGGCAATATTCTG
AATTGTTAACTAGGTATTTCAAAACAGGAATTAAATTCAATAGGCTCTTCTCAGTGAACAGGTTTTAATG
TTGTTTTGATGTAATTTTAAAAGACTTTTAGCAAACATGCATTTCTTTATATGATATATTTCTTTTACGA
AGCTATTTTAAAAGTAAGCCAAGTGCTGTCTAGTCTGCTTATAAAGTAGGAATTGCATCAGAGTACATAT
ATTCTTGCTGTACAATGCCTGTGATGTTGAGGAGGGTTCTTTTTTAAAGTGTATGCTTGAGTAACTGACT
CTATGGAGTCTATAAATGCACTGACTTCTTGTTTGTACCCCAAAATGATCGAATTGTTAAGTACAAAATT
AAGCTAATTAACCAATTTGTAACCATTTTTTCACTCATAAACAGCTACTCAATACTAGACAATTTTGTTT
TTTATGTATGTGTATGTACGTAAATACATACATATTAATTTACATTAGAGTGAAAAATAAATGGTTTGTT
TCTGAAGTTAGTTTCTTAAGTGAGTTTTCAGGTGTCTCTGAAAAATTTATAACAATCATGTATTATATGT
GCTGTAACATCATGTACGTTACCTCCATCTATTTTAGGATATTTTCCTCACCTATATATTATAGGGAGAA
TAATTTAGATACACATGCTCAGAGCTGAGATATTTCTCTGATAAATCAGGTAACAAAATGTATTTGATTG
ATGGAATTTTGAAGTAAATGTGTTTTTATCCATCAGTTTCTGAGTAACAAAGAGCACCAAGTTTTAATTT
AAATAGGAGATTTAACACTAGGGATCAGGGAGTTTAGTATGAAGAGTTAAAAAAATTTAAAAAACAGTGT
AAGCTGTTGAAATGGCAAGTGAATTATTTTAATGATGTAATAAAATATTTTTAAATTTTGACATAGTGAT
CATTTAATGAAAAAACTCACCAAAATGTCTCCATTTGAATTGTATTGATAATGTGGGACATATGTGTGAT
TCAATATATACATATACCCATATGTATATACAGAAAATTATTTTTAATACTTTCCTACTGATAATGAAAT
TTAAAATTGGAAATTTTGTGAGTGTTTTTCTTGTCCAATAGAGCCTAATTGTTTCCTTTTTTAGTGATTT
AACAATCTCTTGAGGGCTGCACCTTTAAATTCCCAGATTGTCAATAGACATGTACAGTATATGGGATAAG
GTGGACACAAGTGCACATATAAATAAAATCTTCTTAAGACTTTTAACTATTCATTTACAGTAGGAGAGTA
TGTAGAAATCATCATCCACAAGTCATAATTAGGTTGTGTGCCTACTGTAGTTTTTTCCATTTCTGTATTA
TATAAACATTTGCATATTAAAATTTGATTTTTCCCAGAGACAAGTATTATATACTGTATCTATATTTAAA
TCAAACTGTGGTAATATATTTCTCAGAAAATAATGTTGGGGACTATAGCCTGAACATGTGGACTTGAAGC
GACATGGAGGAGGAGGTTGATCCCATTGTGTATAAGTTAATATGTGATAACTATTGAATCTTGTACAAAA
ACAAAAATTGAAAAAAAAAAAGAAAAGCAAAAATACAGTTTTTATTTTGAAATACATTTGTTCTCTGGAG
AATGTACTTTATCTTTTTTTCCTCCAGTCTTTTACAGATATTTAAAAGCATTTAAATGATGACAGCATTT
ACTTAAATCTTTCAGGTGCTACTGGATTTTGCATTAGTGTGTTATGTTGTGAAATCCTAACTTTGACATA
AAAGGTTTTATAAGTATTCCCCTGCCTGGAAAATTAGTTTTTGTTCTCCTCTCTCTCTCTTTCTCTTTTC
CACTTTCTTTCTGCAGACTAAAACATGCTCACGAAGTTGCATCTCTCCTTGTCTCTATAGAAGATCTCCA
GCACCATCATAGATTTGATGTTCTGCTGTCATTGAACTGTTGGGAAGCAGTTAGAGGAAAAGCTCACTTT
TTTTTTCAGGTGGAAATAAAAGGAACACTCAAAATTAAGCCAACACCACCACTACCTTTAAAAACTAGTT
TATTTGCCCTGTTAAAATTAAATGTATTCTTTAACATGTGGGCTACAGTCTCCCATGTTTTTATTTAACT
GAAGCATATACACTTCGGTCATTTATCTCCTTGTGGTCCTGATTTTGTCAGTACTGGAATGGGAGGCAGG
TCGGGGAAAGTTTGTTTGATGGCAGTGGATTCTTATTGTTGTTTTAACCATTGCATTT

"
